{
  "experiments": [
    "Full System",
    "w/o KG",
    "w/o Reranking",
    "w/o LLM",
    "w/o Diversity",
    "w/o Explainability",
    "Baseline"
  ],
  "qoe_values": [
    0.7019623362539555,
    0.604951224148012,
    0.6681320075468309,
    0.6073224368448497,
    0.6432747673682226,
    0.6165447362539554,
    0.45040703433372137
  ],
  "qoe_components": {
    "accuracy": [
      0.5711785350990588,
      0.5155017548342,
      0.4866027133312474,
      0.4680437865762944,
      0.5711785350990588,
      0.5711785350990588,
      0.3709259330663885
    ],
    "diversity": [
      0.8335946110716594,
      0.8335946110716594,
      0.8335946110716594,
      0.8335946110716594,
      0.5401567666429956,
      0.8335946110716594,
      0.45679730553582965
    ],
    "explainability": [
      0.53386,
      0.160158,
      0.53386,
      0.26693,
      0.53386,
      0.106772,
      0.053386
    ],
    "functionality": [
      1.0,
      1.0,
      1.0,
      1.0,
      1.0,
      1.0,
      1.0
    ]
  }
}